{
  "pos_x": -2476.0,
  "pos_y": 3239.0,
  "scale": 4.400000095367432,
  "rotate": 1,
  "zoom": 1.100000023841858
}